<Objects>
	
	<Object type="0x0300" id="Rogue"> <!--ClassSearchCode-->
		<Class>Player</Class>
		<Description>Damage / Mobility. The Rogue relies on his speed to deal damage at medium range while avoiding attacks. High Dexterity and Speed.</Description>
		<AnimatedTexture><File>players</File><Index>0</Index></AnimatedTexture>
		<HitSound>player/rogue_hit</HitSound>
		<DeathSound>player/rogue_death</DeathSound>
		<Player/>
		<BloodProb>1.0</BloodProb>
		<SlotTypes>2, 13, 6, 9, 0, 0, 0, 0, 0, 0, 0, 0, 0, 0, 0, 0, 0, 0, 0, 0</SlotTypes>
		<Equipment>0xa14, 0xa56, -1, -1, -1, -1, -1, -1, -1, -1, -1, -1, -1, -1, -1, -1, -1, -1, -1, -1</Equipment>
		<MaxHitPoints max="750">150</MaxHitPoints>
		<MaxMagicPoints max="252">100</MaxMagicPoints>
		<Attack max="55">16</Attack>
		<Defense max="25">0</Defense>
		<Speed max="65">26</Speed>
		<Dexterity max="75">17</Dexterity>
		<HpRegen max="40">5</HpRegen>
		<MpRegen max="50">15</MpRegen>
		<LevelIncrease min="25" max="25">MaxHitPoints</LevelIncrease>
		<LevelIncrease min="5" max="5">MaxMagicPoints</LevelIncrease>
		<LevelIncrease min="1" max="1">Attack</LevelIncrease>
		<LevelIncrease min="0" max="1">Defense</LevelIncrease>
		<LevelIncrease min="1" max="1">Speed</LevelIncrease>
		<LevelIncrease min="2" max="2">Dexterity</LevelIncrease>
		<LevelIncrease min="1" max="1">HpRegen</LevelIncrease>
		<LevelIncrease min="1" max="1">MpRegen</LevelIncrease>
	</Object>
	<Object type="0x0307" id="Archer">
		<Class>Player</Class>
		<Description>Ranged Damage / Utility. The Archer has a long-range attack and can acquire very powerful weapons. High Attack.</Description>
		<AnimatedTexture><File>players</File><Index>1</Index></AnimatedTexture>
		<HitSound>player/archer_hit</HitSound>
		<DeathSound>player/archer_death</DeathSound>
		<Player/>
		<BloodProb>1.0</BloodProb>
		<SlotTypes>3, 15, 6, 9, 0, 0, 0, 0, 0, 0, 0, 0, 0, 0, 0, 0, 0, 0, 0, 0</SlotTypes>
		<Equipment>0xa1a, 0xa61, -1, -1, -1, -1, -1, -1, -1, -1, -1, -1, -1, -1, -1, -1, -1, -1, -1, -1</Equipment>
		<MaxHitPoints max="750">150</MaxHitPoints>
		<MaxMagicPoints max="252">100</MaxMagicPoints>
		<Attack max="75">17</Attack>
		<Defense max="25">0</Defense>
		<Speed max="55">22</Speed>
		<Dexterity max="50">15</Dexterity>
		<HpRegen max="40">5</HpRegen>
		<MpRegen max="50">15</MpRegen>
		<LevelIncrease min="25" max="25">MaxHitPoints</LevelIncrease>
		<LevelIncrease min="5" max="5">MaxMagicPoints</LevelIncrease>
		<LevelIncrease min="2" max="2">Attack</LevelIncrease>
		<LevelIncrease min="0" max="1">Defense</LevelIncrease>
		<LevelIncrease min="1" max="1">Speed</LevelIncrease>
		<LevelIncrease min="1" max="1">Dexterity</LevelIncrease>
		<LevelIncrease min="1" max="1">HpRegen</LevelIncrease>
		<LevelIncrease min="1" max="1">MpRegen</LevelIncrease>
	</Object>
	<Object type="0x030e" id="Wizard">
		<Class>Player</Class>
		<Description>Ranged Damage / Glass Cannon. The Wizard deals damage from a long distance and blasts enemies with powerful Spells. High Attack and Dexterity.</Description>
		<AnimatedTexture><File>players</File><Index>2</Index></AnimatedTexture>
		<HitSound>player/wizard_hit</HitSound>
		<DeathSound>player/wizard_death</DeathSound>
		<Player/>
		<BloodProb>1.0</BloodProb>
		<SlotTypes>17, 11, 14, 9, 0, 0, 0, 0, 0, 0, 0, 0, 0, 0, 0, 0, 0, 0, 0, 0</SlotTypes>
		<Equipment>0xa97, 0xa2e, -1, -1, -1, -1, -1, -1, -1, -1, -1, -1, -1, -1, -1, -1, -1, -1, -1, -1</Equipment>
		<MaxHitPoints max="700">100</MaxHitPoints>
		<MaxMagicPoints max="385">100</MaxMagicPoints>
		<Attack max="75">17</Attack>
		<Defense max="25">0</Defense>
		<Speed max="50">17</Speed>
		<Dexterity max="75">17</Dexterity>
		<HpRegen max="40">5</HpRegen>
		<MpRegen max="60">23</MpRegen>
		<LevelIncrease min="25" max="25">MaxHitPoints</LevelIncrease>
		<LevelIncrease min="10" max="10">MaxMagicPoints</LevelIncrease>
		<LevelIncrease min="2" max="2">Attack</LevelIncrease>
		<LevelIncrease min="0" max="1">Defense</LevelIncrease>
		<LevelIncrease min="1" max="1">Speed</LevelIncrease>
		<LevelIncrease min="2" max="2">Dexterity</LevelIncrease>
		<LevelIncrease min="1" max="1">HpRegen</LevelIncrease>
		<LevelIncrease min="1" max="1">MpRegen</LevelIncrease>
	</Object>
	<Object type="0x0310" id="Priest">
		<Class>Player</Class>
		<Description>Support / Healer. The Priest attacks at long range and can heal himself and his allies. High Wisdom and Dexterity.</Description>
		<AnimatedTexture><File>players</File><Index>3</Index></AnimatedTexture>
		<HitSound>player/priest_hit</HitSound>
		<DeathSound>player/priest_death</DeathSound>
		<Player/>
		<BloodProb>1.0</BloodProb>
		<SlotTypes>8, 4, 14, 9, 0, 0, 0, 0, 0, 0, 0, 0, 0, 0, 0, 0, 0, 0, 0, 0</SlotTypes>
		<Equipment>0xa04, 0xa31, -1, -1, -1, -1, -1, -1, -1, -1, -1, -1, -1, -1, -1, -1, -1, -1, -1, -1</Equipment>
		<MaxHitPoints max="700">100</MaxHitPoints>
		<MaxMagicPoints max="385">100</MaxMagicPoints>
		<Attack max="55">16</Attack>
		<Defense max="25">0</Defense>
		<Speed max="55">22</Speed>
		<Dexterity max="60">23</Dexterity>
		<HpRegen max="40">5</HpRegen>
		<MpRegen max="75">17</MpRegen>
		<LevelIncrease min="25" max="25">MaxHitPoints</LevelIncrease>
		<LevelIncrease min="10" max="10">MaxMagicPoints</LevelIncrease>
		<LevelIncrease min="1" max="1">Attack</LevelIncrease>
		<LevelIncrease min="0" max="1">Defense</LevelIncrease>
		<LevelIncrease min="1" max="1">Speed</LevelIncrease>
		<LevelIncrease min="1" max="1">Dexterity</LevelIncrease>
		<LevelIncrease min="1" max="1">HpRegen</LevelIncrease>
		<LevelIncrease min="2" max="2">MpRegen</LevelIncrease>
	</Object>
	<Object type="0x031d" id="Warrior">
		<Class>Player</Class>
		<Description>Melee Damage / Support. The Warrior wears Plate Armor and uses his Helmet to inspire his allies in battle. High Vitality, HP, and Attack.</Description>
		<AnimatedTexture><File>players</File><Index>4</Index></AnimatedTexture>
		<HitSound>player/warrior_hit</HitSound>
		<DeathSound>player/warrior_death</DeathSound>
		<Player/>
		<BloodProb>1.0</BloodProb>
		<SlotTypes>1, 16, 7, 9, 0, 0, 0, 0, 0, 0, 0, 0, 0, 0, 0, 0, 0, 0, 0, 0</SlotTypes>
		<Equipment>0xa00, 0x0a66, -1, -1, -1, -1, -1, -1, -1, -1, -1, -1, -1, -1, -1, -1, -1, -1, -1, -1</Equipment>
		<MaxHitPoints max="800">200</MaxHitPoints>
		<MaxMagicPoints max="252">100</MaxMagicPoints>
		<Attack max="75">17</Attack>
		<Defense max="25">0</Defense>
		<Speed max="50">17</Speed>
		<Dexterity max="50">15</Dexterity>
		<HpRegen max="75">17</HpRegen>
		<MpRegen max="50">15</MpRegen>
		<LevelIncrease min="25" max="25">MaxHitPoints</LevelIncrease>
		<LevelIncrease min="5" max="5">MaxMagicPoints</LevelIncrease>
		<LevelIncrease min="2" max="2">Attack</LevelIncrease>
		<LevelIncrease min="0" max="1">Defense</LevelIncrease>
		<LevelIncrease min="1" max="1">Speed</LevelIncrease>
		<LevelIncrease min="1" max="1">Dexterity</LevelIncrease>
		<LevelIncrease min="2" max="2">HpRegen</LevelIncrease>
		<LevelIncrease min="1" max="1">MpRegen</LevelIncrease>
	</Object>
	<Object type="0x031e" id="Knight">
		<Class>Player</Class>
		<Description>Melee Tank / Crowd Control. The Knight fights at close range, wears Plate Armor, and uses his Shield to stun enemies. Well rounded Stats with High Vitality and HP.</Description>
		<AnimatedTexture><File>players</File><Index>5</Index></AnimatedTexture>
		<HitSound>player/knight_hit</HitSound>
		<DeathSound>player/knight_death</DeathSound>
		<Player/>
		<BloodProb>1.0</BloodProb>
		<SlotTypes>1, 5, 7, 9, 0, 0, 0, 0, 0, 0, 0, 0, 0, 0, 0, 0, 0, 0, 0, 0</SlotTypes>
		<Equipment>0xa00, 0x0a08, -1, -1, -1, -1, -1, -1, -1, -1, -1, -1, -1, -1, -1, -1, -1, -1, -1, -1</Equipment>
		<MaxHitPoints max="800">200</MaxHitPoints>
		<MaxMagicPoints max="252">100</MaxMagicPoints>
		<Attack max="50">15</Attack>
		<Defense max="40">1</Defense>
		<Speed max="50">17</Speed>
		<Dexterity max="50">15</Dexterity>
		<HpRegen max="75">17</HpRegen>
		<MpRegen max="50">15</MpRegen>
		<LevelIncrease min="25" max="25">MaxHitPoints</LevelIncrease>
		<LevelIncrease min="5" max="5">MaxMagicPoints</LevelIncrease>
		<LevelIncrease min="1" max="1">Attack</LevelIncrease>
		<LevelIncrease min="1" max="1">Defense</LevelIncrease>
		<LevelIncrease min="1" max="1">Speed</LevelIncrease>
		<LevelIncrease min="1" max="1">Dexterity</LevelIncrease>
		<LevelIncrease min="2" max="2">HpRegen</LevelIncrease>
		<LevelIncrease min="1" max="1">MpRegen</LevelIncrease>
	</Object>
	<Object type="0x031f" id="Paladin">
		<Class>Player</Class>
		<Description>Melee Support / Hybrid. The Paladin can deal damage at close range, wear Plate Armor, and heals himself and his allies. High Wisdom, Vitality, and HP. Decent Stats.</Description>
		<AnimatedTexture><File>players</File><Index>6</Index></AnimatedTexture>
		<HitSound>player/paladin_hit</HitSound>
		<DeathSound>player/paladin_death</DeathSound>
		<Player/>
		<BloodProb>1.0</BloodProb>
		<SlotTypes>1, 12, 7, 9, 0, 0, 0, 0, 0, 0, 0, 0, 0, 0, 0, 0, 0, 0, 0, 0</SlotTypes>
		<Equipment>0xa00, 0xa52, -1, -1, -1, -1, -1, -1, -1, -1, -1, -1, -1, -1, -1, -1, -1, -1, -1, -1</Equipment>
		<MaxHitPoints max="800">200</MaxHitPoints>
		<MaxMagicPoints max="252">100</MaxMagicPoints>
		<Attack max="55">16</Attack>
		<Defense max="30">1</Defense>
		<Speed max="55">22</Speed>
		<Dexterity max="55">18</Dexterity>
		<HpRegen max="60">23</HpRegen>
		<MpRegen max="75">17</MpRegen>
		<LevelIncrease min="25" max="25">MaxHitPoints</LevelIncrease>
		<LevelIncrease min="5" max="5">MaxMagicPoints</LevelIncrease>
		<LevelIncrease min="1" max="1">Attack</LevelIncrease>
		<LevelIncrease min="0" max="1">Defense</LevelIncrease>
		<LevelIncrease min="1" max="1">Speed</LevelIncrease>
		<LevelIncrease min="1" max="1">Dexterity</LevelIncrease>
		<LevelIncrease min="1" max="1">HpRegen</LevelIncrease>
		<LevelIncrease min="2" max="2">MpRegen</LevelIncrease>
	</Object>
	<Object type="0x0320" id="Assassin">
		<Class>Player</Class>
		<Description>Medium-Range Damage / Utility. The Assassin fights from medium range and uses Poison to damage his enemies over time. High Wisdom, Speed, and Attack.</Description>
		<AnimatedTexture><File>players</File><Index>7</Index></AnimatedTexture>
		<HitSound>player/rogue_hit</HitSound>
		<DeathSound>player/rogue_death</DeathSound>
		<Player/>
		<BloodProb>1.0</BloodProb>
		<SlotTypes>2, 18, 6, 9, 0, 0, 0, 0, 0, 0, 0, 0, 0, 0, 0, 0, 0, 0, 0, 0</SlotTypes>
		<Equipment>0xa14, 0xaa3, -1, -1, -1, -1, -1, -1, -1, -1, -1, -1, -1, -1, -1, -1, -1, -1, -1, -1</Equipment>
		<MaxHitPoints max="750">150</MaxHitPoints>
		<MaxMagicPoints max="305">100</MaxMagicPoints>
		<Attack max="65">26</Attack>
		<Defense max="25">0</Defense>
		<Speed max="65">26</Speed>
		<Dexterity max="75">17</Dexterity>
		<HpRegen max="40">5</HpRegen>
		<MpRegen max="60">23</MpRegen>
		<LevelIncrease min="25" max="25">MaxHitPoints</LevelIncrease>
		<LevelIncrease min="6" max="6">MaxMagicPoints</LevelIncrease>
		<LevelIncrease min="1" max="1">Attack</LevelIncrease>
		<LevelIncrease min="0" max="1">Defense</LevelIncrease>
		<LevelIncrease min="1" max="1">Speed</LevelIncrease>
		<LevelIncrease min="2" max="2">Dexterity</LevelIncrease>
		<LevelIncrease min="1" max="1">HpRegen</LevelIncrease>
		<LevelIncrease min="1" max="1">MpRegen</LevelIncrease>
	</Object>
	<Object type="0x0321" id="Necromancer">
		<Class>Player</Class>
		<Description>Ranged Damage / Area Control. The Necromancer drains life from his enemies to heal himself and his allies. High Wisdom, Attack, and Dexterity.</Description>
		<AnimatedTexture><File>players</File><Index>8</Index></AnimatedTexture>
		<HitSound>player/wizard_hit</HitSound>
		<DeathSound>player/wizard_death</DeathSound>
		<Player/>
		<BloodProb>1.0</BloodProb>
		<SlotTypes>17, 19, 14, 9, 0, 0, 0, 0, 0, 0, 0, 0, 0, 0, 0, 0, 0, 0, 0, 0</SlotTypes>
		<Equipment>0xa97, 0xaaa, -1, -1, -1, -1, -1, -1, -1, -1, -1, -1, -1, -1, -1, -1, -1, -1, -1, -1</Equipment>
		<MaxHitPoints max="700">100</MaxHitPoints>
		<MaxMagicPoints max="385">100</MaxMagicPoints>
		<Attack max="75">17</Attack>
		<Defense max="25">0</Defense>
		<Speed max="50">17</Speed>
		<Dexterity max="60">23</Dexterity>
		<HpRegen max="40">5</HpRegen>
		<MpRegen max="75">17</MpRegen>
		<LevelIncrease min="25" max="25">MaxHitPoints</LevelIncrease>
		<LevelIncrease min="10" max="10">MaxMagicPoints</LevelIncrease>
		<LevelIncrease min="2" max="2">Attack</LevelIncrease>
		<LevelIncrease min="0" max="1">Defense</LevelIncrease>
		<LevelIncrease min="1" max="1">Speed</LevelIncrease>
		<LevelIncrease min="1" max="1">Dexterity</LevelIncrease>
		<LevelIncrease min="1" max="1">HpRegen</LevelIncrease>
		<LevelIncrease min="2" max="2">MpRegen</LevelIncrease>
	</Object>
	<Object type="0x0322" id="Huntress">
		<Class>Player</Class>
		<Description>Ranged Damage / Area Control. The Huntress uses Bows and Traps to defeat her enemies. High Attack, Dexterity, and Wisdom.</Description>
		<AnimatedTexture><File>players</File><Index>9</Index></AnimatedTexture>
		<HitSound>player/archer_hit</HitSound>
		<DeathSound>player/archer_death</DeathSound>
		<Player/>
		<BloodProb>1.0</BloodProb>
		<SlotTypes>3, 20, 6, 9, 0, 0, 0, 0, 0, 0, 0, 0, 0, 0, 0, 0, 0, 0, 0, 0</SlotTypes>
		<Equipment>0xa1a, 0xab1, -1, -1, -1, -1, -1, -1, -1, -1, -1, -1, -1, -1, -1, -1, -1, -1, -1, -1</Equipment>
		<MaxHitPoints max="750">150</MaxHitPoints>
		<MaxMagicPoints max="305">100</MaxMagicPoints>
		<Attack max="65">26</Attack>
		<Defense max="25">0</Defense>
		<Speed max="50">17</Speed>
		<Dexterity max="60">23</Dexterity>
		<HpRegen max="40">5</HpRegen>
		<MpRegen max="60">23</MpRegen>
		<LevelIncrease min="25" max="25">MaxHitPoints</LevelIncrease>
		<LevelIncrease min="6" max="6">MaxMagicPoints</LevelIncrease>
		<LevelIncrease min="1" max="1">Attack</LevelIncrease>
		<LevelIncrease min="0" max="1">Defense</LevelIncrease>
		<LevelIncrease min="1" max="1">Speed</LevelIncrease>
		<LevelIncrease min="1" max="1">Dexterity</LevelIncrease>
		<LevelIncrease min="1" max="1">HpRegen</LevelIncrease>
		<LevelIncrease min="1" max="1">MpRegen</LevelIncrease>
	</Object>
	<Object type="0x0323" id="Mystic">
		<Class>Player</Class>
		<Description>Ranged Utility / Crowd Control. The Mystic fights with a Staff and uses her crystal Orb to bind enemies to a distant plane. High Attack, Speed, Dexterity, and Wisdom.</Description>
		<AnimatedTexture><File>players</File><Index>10</Index></AnimatedTexture>
		<HitSound>player/wizard_hit</HitSound>
		<DeathSound>player/wizard_death</DeathSound>
		<Player/>
		<BloodProb>1.0</BloodProb>
		<SlotTypes>17, 21, 14, 9, 0, 0, 0, 0, 0, 0, 0, 0, 0, 0, 0, 0, 0, 0, 0, 0</SlotTypes>
		<Equipment>0xa97, 0xae4, -1, -1, -1, -1, -1, -1, -1, -1, -1, -1, -1, -1, -1, -1, -1, -1, -1, -1</Equipment>
		<MaxHitPoints max="700">100</MaxHitPoints>
		<MaxMagicPoints max="385">100</MaxMagicPoints>
		<Attack max="65">26</Attack>
		<Defense max="25">0</Defense>
		<Speed max="60">27</Speed>
		<Dexterity max="65">26</Dexterity>
		<HpRegen max="40">5</HpRegen>
		<MpRegen max="75">17</MpRegen>
		<LevelIncrease min="25" max="25">MaxHitPoints</LevelIncrease>
		<LevelIncrease min="10" max="10">MaxMagicPoints</LevelIncrease>
		<LevelIncrease min="1" max="1">Attack</LevelIncrease>
		<LevelIncrease min="0" max="1">Defense</LevelIncrease>
		<LevelIncrease min="1" max="1">Speed</LevelIncrease>
		<LevelIncrease min="1" max="1">Dexterity</LevelIncrease>
		<LevelIncrease min="1" max="1">HpRegen</LevelIncrease>
		<LevelIncrease min="2" max="2">MpRegen</LevelIncrease>
	</Object>
	<Object type="0x0324" id="Trickster">
		<Class>Player</Class>
		<Description>Medium-Range Damage / Mobility. The Trickster fights with a Dagger while using her magical Prism to distract enemies. High Attack, Speed, Dexterity, and Wisdom.</Description>
		<AnimatedTexture><File>players</File><Index>11</Index></AnimatedTexture>
		<HitSound>player/rogue_hit</HitSound>
		<DeathSound>player/rogue_death</DeathSound>
		<Player/>
		<BloodProb>1.0</BloodProb>
		<SlotTypes>2, 22, 6, 9, 0, 0, 0, 0, 0, 0, 0, 0, 0, 0, 0, 0, 0, 0, 0, 0</SlotTypes>
		<Equipment>0xa14, 0xae3, -1, -1, -1, -1, -1, -1, -1, -1, -1, -1, -1, -1, -1, -1, -1, -1, -1, -1</Equipment>
		<MaxHitPoints max="750">150</MaxHitPoints>
		<MaxMagicPoints max="252">100</MaxMagicPoints>
		<Attack max="65">26</Attack>
		<Defense max="25">0</Defense>
		<Speed max="75">23</Speed>
		<Dexterity max="75">17</Dexterity>
		<HpRegen max="40">5</HpRegen>
		<MpRegen max="60">23</MpRegen>
		<LevelIncrease min="25" max="25">MaxHitPoints</LevelIncrease>
		<LevelIncrease min="5" max="5">MaxMagicPoints</LevelIncrease>
		<LevelIncrease min="1" max="1">Attack</LevelIncrease>
		<LevelIncrease min="0" max="1">Defense</LevelIncrease>
		<LevelIncrease min="2" max="2">Speed</LevelIncrease>
		<LevelIncrease min="2" max="2">Dexterity</LevelIncrease>
		<LevelIncrease min="1" max="1">HpRegen</LevelIncrease>
		<LevelIncrease min="1" max="1">MpRegen</LevelIncrease>
	</Object>
	<Object type="0x0325" id="Sorcerer">
		<Class>Player</Class>
		<Description>Ranged Area Damage. The Sorcerer uses his Scepter to fire blasts of chain lightning at his enemies. High Attack, Speed, Dexterity, Vitality, and Wisdom.</Description>
		<AnimatedTexture><File>players</File><Index>12</Index></AnimatedTexture>
		<HitSound>player/priest_hit</HitSound>
		<DeathSound>player/priest_death</DeathSound>
		<Player/>
		<BloodProb>1.0</BloodProb>
		<SlotTypes>8, 23, 14, 9, 0, 0, 0, 0, 0, 0, 0, 0, 0, 0, 0, 0, 0, 0, 0, 0</SlotTypes>
		<Equipment>0xa04, 0xae5, -1, -1, -1, -1, -1, -1, -1, -1, -1, -1, -1, -1, -1, -1, -1, -1, -1, -1</Equipment>
		<MaxHitPoints max="700">100</MaxHitPoints>
		<MaxMagicPoints max="385">100</MaxMagicPoints>
		<Attack max="70">17</Attack>
		<Defense max="25">0</Defense>
		<Speed max="60">27</Speed>
		<Dexterity max="60">23</Dexterity>
		<HpRegen max="75">17</HpRegen>
		<MpRegen max="60">23</MpRegen>
		<LevelIncrease min="25" max="25">MaxHitPoints</LevelIncrease>
		<LevelIncrease min="10" max="10">MaxMagicPoints</LevelIncrease>
		<LevelIncrease min="2" max="2">Attack</LevelIncrease>
		<LevelIncrease min="0" max="1">Defense</LevelIncrease>
		<LevelIncrease min="1" max="1">Speed</LevelIncrease>
		<LevelIncrease min="1" max="1">Dexterity</LevelIncrease>
		<LevelIncrease min="2" max="2">HpRegen</LevelIncrease>
		<LevelIncrease min="1" max="1">MpRegen</LevelIncrease>
	</Object>
    <Object type="0x0326" id="Ninja">
		<Class>Player</Class>
		<Description>Melee Damage / Mobility. The Ninja relies on speed and skill, using Katanas and Ninja Stars to deal big damage. High HP, Attack, Speed, Dexterity, Vitality, and Wisdom.</Description>
		<AnimatedTexture><File>players</File><Index>13</Index></AnimatedTexture>
		<HitSound>player/rogue_hit</HitSound>
		<DeathSound>player/rogue_death</DeathSound>
		<Player/>
		<BloodProb>1.0</BloodProb>
		<SlotTypes>24, 25, 6, 9, 0, 0, 0, 0, 0, 0, 0, 0, 0, 0, 0, 0, 0, 0, 0, 0</SlotTypes>
		<Equipment>0xc44, 0xc53, -1, -1, -1, -1, -1, -1, -1, -1, -1, -1, -1, -1, -1, -1, -1, -1, -1, -1</Equipment>
		<MaxHitPoints max="800">200</MaxHitPoints>
		<MaxMagicPoints max="252">100</MaxMagicPoints>
		<Attack max="70">12</Attack>
		<Defense max="25">0</Defense>
		<Speed max="60">27</Speed>
		<Dexterity max="70">12</Dexterity>
		<HpRegen max="60">23</HpRegen>
		<MpRegen max="70">12</MpRegen>
		<LevelIncrease min="25" max="25">MaxHitPoints</LevelIncrease>
		<LevelIncrease min="5" max="5">MaxMagicPoints</LevelIncrease>
		<LevelIncrease min="2" max="2">Attack</LevelIncrease>
		<LevelIncrease min="0" max="1">Defense</LevelIncrease>
		<LevelIncrease min="1" max="1">Speed</LevelIncrease>
		<LevelIncrease min="2" max="2">Dexterity</LevelIncrease>
		<LevelIncrease min="1" max="1">HpRegen</LevelIncrease>
		<LevelIncrease min="2" max="2">MpRegen</LevelIncrease>
	</Object>
	<Object type="0x0327" id="Samurai">
		<Class>Player</Class>
		<Description>Melee Damage / Utility. The Samurai fights with a Katana and uses his Wakizashi sidearm to expose enemy weak points. High HP, Attack, Vitality, and Wisdom.</Description>
		<AnimatedTexture>
			<File>players</File>
			<Index>14</Index>
		</AnimatedTexture>
		<HitSound>player/warrior_hit</HitSound>
		<DeathSound>player/warrior_death</DeathSound>
		<Player/>
		<BloodProb>1.0</BloodProb>
		<SlotTypes>24, 26, 9, 9, 0, 0, 0, 0, 0, 0, 0, 0, 0, 0, 0, 0, 0, 0, 0, 0</SlotTypes>
		<Equipment>0xc44, 0xa000, -1, -1, -1, -1, -1, -1, -1, -1, -1, -1, -1, -1, -1, -1, -1, -1, -1, -1</Equipment>
		<MaxHitPoints max="800">200</MaxHitPoints>
		<MaxMagicPoints max="252">100</MaxMagicPoints>
		<Attack max="75">17</Attack>
		<Defense max="30">1</Defense>
		<Speed max="55">22</Speed>
		<Dexterity max="55">16</Dexterity>
		<HpRegen max="60">23</HpRegen>
		<MpRegen max="60">23</MpRegen>
		<LevelIncrease min="25" max="25">MaxHitPoints</LevelIncrease>
		<LevelIncrease min="5" max="5">MaxMagicPoints</LevelIncrease>
		<LevelIncrease min="2" max="2">Attack</LevelIncrease>
		<LevelIncrease min="0" max="1">Defense</LevelIncrease>
		<LevelIncrease min="1" max="1">Speed</LevelIncrease>
		<LevelIncrease min="1" max="1">Dexterity</LevelIncrease>
		<LevelIncrease min="1" max="1">HpRegen</LevelIncrease>
		<LevelIncrease min="1" max="1">MpRegen</LevelIncrease>
	</Object>
	<Object type="0x0328" id="Bard">
		<Class>Player</Class>
		<Description>Ranged Support / Utility. The Bard uses his Lute to inspire allies and enhance their combat capabilities. High MP, Dexterity, and Wisdom.</Description>
		<AnimatedTexture>
			<File>players</File>
			<Index>15</Index>
		</AnimatedTexture>
		<HitSound>player/archer_hit</HitSound>
		<DeathSound>player/archer_death</DeathSound>
		<Player/>
		<BloodProb>1.0</BloodProb>
		<SlotTypes>3, 27, 14, 9, 0, 0, 0, 0, 0, 0, 0, 0, 0, 0, 0, 0, 0, 0, 0, 0</SlotTypes>
		<Equipment>0xa1a, 0xa100, -1, -1, -1, -1, -1, -1, -1, -1, -1, -1, -1, -1, -1, -1, -1, -1, -1, -1</Equipment>
		<MaxHitPoints max="750">150</MaxHitPoints>
		<MaxMagicPoints max="385">100</MaxMagicPoints>
		<Attack max="55">20</Attack>
		<Defense max="25">0</Defense>
		<Speed max="55">22</Speed>
		<Dexterity max="70">12</Dexterity>
		<HpRegen max="45">10</HpRegen>
		<MpRegen max="75">17</MpRegen>
		<LevelIncrease min="25" max="25">MaxHitPoints</LevelIncrease>
		<LevelIncrease min="10" max="10">MaxMagicPoints</LevelIncrease>
		<LevelIncrease min="1" max="1">Attack</LevelIncrease>
		<LevelIncrease min="0" max="1">Defense</LevelIncrease>
		<LevelIncrease min="1" max="1">Speed</LevelIncrease>
		<LevelIncrease min="2" max="2">Dexterity</LevelIncrease>
		<LevelIncrease min="1" max="1">HpRegen</LevelIncrease>
		<LevelIncrease min="2" max="2">MpRegen</LevelIncrease>
	</Object>
	<Object type="0x0329" id="Summoner">
		<Class>Player</Class>
		<Description>Utility / Support. The Summoner spawns monsters to fight for her and boost her damage output. High MP, Attack, Speed, Dexterity, Wisdom.</Description>
		<AnimatedTexture>
			<File>players</File>
			<Index>16</Index>
		</AnimatedTexture>
		<HitSound>player/priest_hit</HitSound>
		<DeathSound>player/priest_death</DeathSound>
		<Player/>
		<BloodProb>1.0</BloodProb>
		<SlotTypes>8, 28, 14, 9, 0, 0, 0, 0, 0, 0, 0, 0, 0, 0, 0, 0, 0, 0, 0, 0</SlotTypes>
		<Equipment>0xa04, 0xa200, -1, -1, -1, -1, -1, -1, -1, -1, -1, -1, -1, -1, -1, -1, -1, -1, -1, -1</Equipment>
		<MaxHitPoints max="700">100</MaxHitPoints>
		<MaxMagicPoints max="385">100</MaxMagicPoints>
		<Attack max="60">23</Attack>
		<Defense max="25">0</Defense>
		<Speed max="60">27</Speed>
		<Dexterity max="75">17</Dexterity>
		<HpRegen max="40">5</HpRegen>
		<MpRegen max="75">17</MpRegen>
		<LevelIncrease min="25" max="25">MaxHitPoints</LevelIncrease>
		<LevelIncrease min="10" max="10">MaxMagicPoints</LevelIncrease>
		<LevelIncrease min="1" max="1">Attack</LevelIncrease>
		<LevelIncrease min="0" max="1">Defense</LevelIncrease>
		<LevelIncrease min="1" max="1">Speed</LevelIncrease>
		<LevelIncrease min="2" max="2">Dexterity</LevelIncrease>
		<LevelIncrease min="1" max="1">HpRegen</LevelIncrease>
		<LevelIncrease min="2" max="2">MpRegen</LevelIncrease>
	</Object>
	<Object type="0x0330" id="Kensei">
		<Class>Player</Class>
		<Description>Melee Damage / Mobility. The Kensei dashes and slashes enemies at close range to bolster his combat effectiveness. High HP, Attack, Speed, Dexterity, and Vitality.</Description>
		<AnimatedTexture>
			<File>players</File>
			<Index>17</Index>
		</AnimatedTexture>
		<HitSound>player/rogue_hit</HitSound>
		<DeathSound>player/rogue_death</DeathSound>
		<Player/>
		<BloodProb>1.0</BloodProb>
		<SlotTypes>24, 29, 7, 9, 0, 0, 0, 0, 0, 0, 0, 0, 0, 0, 0, 0, 0, 0, 0, 0</SlotTypes>
		<Equipment>0xc44, 0xa300, -1, -1, -1, -1, -1, -1, -1, -1, -1, -1, -1, -1, -1, -1, -1, -1, -1, -1</Equipment>
		<MaxHitPoints max="800">200</MaxHitPoints>
		<MaxMagicPoints max="252">100</MaxMagicPoints>
		<Attack max="65">26</Attack>
		<Defense max="25">0</Defense>
		<Speed max="60">27</Speed>
		<Dexterity max="65">26</Dexterity>
		<HpRegen max="60">23</HpRegen>
		<MpRegen max="50">15</MpRegen>
		<LevelIncrease min="25" max="25">MaxHitPoints</LevelIncrease>
		<LevelIncrease min="5" max="5">MaxMagicPoints</LevelIncrease>
		<LevelIncrease min="1" max="1">Attack</LevelIncrease>
		<LevelIncrease min="0" max="1">Defense</LevelIncrease>
		<LevelIncrease min="1" max="1">Speed</LevelIncrease>
		<LevelIncrease min="1" max="1">Dexterity</LevelIncrease>
		<LevelIncrease min="1" max="1">HpRegen</LevelIncrease>
		<LevelIncrease min="1" max="1">MpRegen</LevelIncrease>
	</Object>
</Objects>
